"ID","Name","Part Number","Location Name","Description","Quantity","Cost per unit","Barcode","Area","Minimum Quantity","Maximum Quantity","Additional Part Details","Category","Mark Non-Stock","Mark Critical","Asset Names","Assigned User Emails","Assigned Team Names","Assigned Vendor Names","Assigned Customer Names","Tags"
"0luTWEloTG","GAAQ-VR Face Shields",,"GAAQ-Georgia Aquarium","1 bag 100 count",34,"15","GAAQ-FaceShield","0","4",,"","Cleaning",false,,"","","","","",""
"KQpS5a2it2","GAAQ-Liquid Disenfectant Spray",,"GAAQ-Georgia Aquarium","1 Gallon",1,"19.97","GAAQ-LiquidDisenfectant","0","1",,"","Cleaning",false,,"","","","","",""
"HIahS3YnC0","GAAQ-Hand sanitizer",,"GAAQ-Georgia Aquarium","1 Gallon",1,"0","GAAQ-HandSanitizer","0","1",,"","Cleaning",false,,"","","","","",""
"EYBFOoEHcD","GAAQ-Disposable Gloves",,"GAAQ-Georgia Aquarium","1 box 100 count",1,"16.99","GAAQ-Gloves","0","1",,"","Cleaning",false,,"","","","","",""
"DlXVDF9iq4","GAAQ-Cleaning rags",,"GAAQ-Georgia Aquarium","1 box 200 count",6,"11.48","GAAQ-Rags","0","1",,"","Cleaning",false,,"","","","","",""
"J81Ne3PpCa","GAAQ-Febreze",,"GAAQ-Georgia Aquarium","1 27oz",3,"4.99","GAAQ-Febreeze","0","1",,,"Cleaning",false,,"","","","","",""
"PWwv0doyfD","GAAQ-Fabuloso",,"GAAQ-Georgia Aquarium","1 Gallon",2,"2.89","GAAQ-Fabuloso","0","1",,,"Cleaning",false,,"","","","","",""
"wL0MGWEemE","GAAQ-409 Cleaner",,"GAAQ-Georgia Aquarium","1 32oz",2,"3.79","GAAQ-409","0","1",,,"Cleaning",false,,"","","","","",""
"Sz9SktIllw","GAAQ-Glass Cleaner",,"GAAQ-Georgia Aquarium","1 23oz",3,"1.22","GAAQ-Windex","0","1",,,"Cleaning",false,,"","","","","",""
"foYqCHKaOH","GAAQ-Armoral Multi Purpose",,"GAAQ-Georgia Aquarium","1 160z",1,"4.99","GAAQ-Armoral","0","1",,,"Cleaning",false,,"","","","","",""
"GoI7jxllej","GAAQ-Trash Bags",,"GAAQ-Georgia Aquarium","1 Box 500",27,"11.99","GAAQ-TrashBags","0","1",,,"Cleaning",false,,"","","","","",""
"ZRzZAhBt8N","GAAQ-Paper Towels",,"GAAQ-Georgia Aquarium","1 Box  1000 Count",3,"19.95","GAAQ-PaperTowels","0","1",,,"Cleaning",false,,"","","","","",""
"tHMD89WgoK","GAAQ-Microfiber Dusters flex",,"GAAQ-Georgia Aquarium","1 unit",2,"15.95","GAAQ-Duster","0","1",,,"Cleaning",false,,"","","","","",""
"hyVZ3jiiHB","GAAQ-Micofiber Cloths",,"GAAQ-Georgia Aquarium","12 Pack",12,"14.97","GAAQ-Microfiber","0","1",,,"Cleaning",false,,"","","","","",""
"ADUT6fn0hk","MOA-VR Face Shields",,"Museum of Aviation","1 bag 150 count",10,"15",,"0","2",,,"cleaning",false,,"","","","","",""
"R4wv3wCECc","MOSI-VR Face Shields",,"MOSI Tampa","1 bag 100 count",12,"15",,"0","2",,,"cleaning",false,,"","","","","",""
"HKyAIfsNYx","FLEET-VR Face Shields",,"Fleet Science Center","1 bag 100 count",1,"15",,"0","2",,,"cleaning",false,,"","","","","",""
"tEPFwOEAN1","DMNS-VR Face Shields",,"","1 bag 100 count",13,"15",,"0","2",,,"cleaning",false,,"","","","","",""
"plyPUnkDDy","MSC-VR Face Shields",,"","1 bag 100 count",0,"15",,"0","2",,,"cleaning",false,,"","","","","",""
"aFCDUX02Sd","ARMY-VR Face Shields",,"ARMY-National Museum of The United States Army","1 bag 100 count",17,"15",,"0","3",,,"cleaning",false,,"","","ARMY","","",""
"1vGL0e9shv","MOF-Joystick Covers",,"MOF-Museum of Flight","1 box 1000 count Disposable joystick covers",0,"11.5",,"0","2",,,"cleaning",false,,"","","","","",""
"5RFi5wGxli","SLSC-Joystick Covers",,"SLSC-St. Louis Science Center","1 box 1000 count",3,"11.5",,"0","2",,,"cleaning",false,,"","","","","",""
"Cs8Pmy3Wsx","USAFM-Joystick Covers",,"USAFM-National Museum of the United States Air Force","1 box 1000 count",11,"11.5",,"0","2",,,"cleaning",false,,"","","","","",""
"wXiA4nhM2m","NP-Glass Cleaner",,"","1 23oz",-1,"1.22",,"0","1",,,"Cleaning",false,,"","","","","",""
"MSjMGAFMrL","NP-VR Face Shields",,"","1 bag 100 count",10,"15",,"0","4",,,"Cleaning",false,,"","","","","",""
"CFBXEMjA0g","NP-Trash Bags",,"","1 Box 500",6,"11.99",,"0","1",,,"Cleaning",false,,"","","","","",""
"iHlRjsZDBv","NP-Paper Towels",,"","1 Box  1000 Count",2,"19.95",,"0","1",,,"Cleaning",false,,"","","","","",""
"HB8JaLhv43","NP-Microfiber Dusters flex",,"","1 unit",2,"15.95",,"0","1",,,"Cleaning",false,,"","","","","",""
"sjEQ297Du0","NP-Micofiber Cloths",,"","12 Pack",12,"14.97",,"0","1",,,"Cleaning",false,,"","","","","",""
"s9sTeMhKOq","NP-Liquid Disenfectant Spray",,"","1 Gallon",0,"19.97",,"0","1",,,"Cleaning",false,,"","","","","",""
"5Jxu5RpFGM","NP-Hand sanitizer",,"","1 Gallon",1,"0",,"0","1",,,"Cleaning",false,,"","","","","",""
"pc2EFnTyXv","NP-Febreze",,"","1 27oz",0,"4.99",,"0","1",,,"Cleaning",false,,"","","","","",""
"DLPauTkRbU","NP-Fabuloso",,"","1 Gallon",0,"2.89",,"0","1",,,"Cleaning",false,,"","","","","",""
"1XyTMz2Ij7","NP-Disposable Gloves",,"","1 box 100 count",0,"16.99",,"0","1",,,"Cleaning",false,,"","","","","",""
"GyDaXrVhmg","NP-Cleaning rags",,"","1 box 200 count",0,"11.48",,"0","1",,,"Cleaning",false,,"","","","","",""
"bPGzWNrVwE","NP-Armoral Multi Purpose",,"","1 160z",1,"4.99",,"0","1",,,"Cleaning",false,,"","","","","",""
"0eU9ByYEWk","NP-409 Cleaner",,"","1 32oz",-1,"3.79",,"0","1",,,"Cleaning",false,,"","","","","",""
"EZZpQyARGZ","MSI-Glass Cleaner",,"MSI-Museum of Science and Industry","1 23oz",0,"1.22",,"0","1",,,"Cleaning",false,,"","","","","",""
"V4vYpNgH8H","MSI-VR Face Shields",,"MSI-Museum of Science and Industry","1 bag 100 count",0,"15",,"0","4",,,"Cleaning",false,,"","","","","",""
"SjC2BqVaBi","MSI-Trash Bags",,"MSI-Museum of Science and Industry","1 Box 500",2,"11.99",,"0","1",,,"Cleaning",false,,"","","","","",""
"bDdei1hCHt","MSI-Paper Towels",,"MSI-Museum of Science and Industry","1 Box  1000 Count",0,"19.95",,"0","1",,,"Cleaning",false,,"","","","","",""
"cSvutXQ6sa","MSI-Microfiber Dusters flex",,"MSI-Museum of Science and Industry","1 unit",0,"15.95",,"0","1",,,"Cleaning",false,,"","","","","",""
"OHGXpguIDA","MSI-Micofiber Cloths",,"MSI-Museum of Science and Industry","12 Pack",0,"14.97",,"0","1",,,"Cleaning",false,,"","","","","",""
"AqOMGrkaUe","MSI-Liquid Disenfectant Spray",,"MSI-Museum of Science and Industry","1 Gallon",0,"19.97",,"0","1",,,"Cleaning",false,,"","","","","",""
"0Ji8PmHEiu","MSI-Hand sanitizer",,"MSI-Museum of Science and Industry","1 Gallon",1,"0",,"0","1",,,"Cleaning",false,,"","","","","",""
"3nBOocawUZ","MSI-Febreze",,"MSI-Museum of Science and Industry","1 27oz",0,"4.99",,"0","1",,,"Cleaning",false,,"","","","","",""
"5Xal0Lo6g8","MSI-Fabuloso",,"MSI-Museum of Science and Industry","1 Gallon",0,"2.89",,"0","1",,,"Cleaning",false,,"","","","","",""
"yVH9uXq5cO","MSI-Disposable Gloves",,"MSI-Museum of Science and Industry","1 box 100 count",1,"16.99",,"0","1",,,"Cleaning",false,,"","","","","",""
"QeKFriSGss","MSI-Cleaning rags",,"MSI-Museum of Science and Industry","1 box 200 count",4,"11.48",,"0","1",,,"Cleaning",false,,"","","","","",""
"pdYc7aoCeH","MSI-Armoral Multi Purpose",,"MSI-Museum of Science and Industry","1 160z",0,"4.99",,"0","1",,,"Cleaning",false,,"","","","","",""
"z7nz0fdFAA","MSI-409 Cleaner",,"MSI-Museum of Science and Industry","1 32oz",0,"3.79",,"0","1",,,"Cleaning",false,,"","","","","",""
"j9XNA4VUaU","MSI-Joystick Covers",,"MSI-Museum of Science and Industry","1 box 1000 count Disposable joystick covers",6,"11.5",,"0","2",,,"Cleaning",false,,"","","","","",""
"vHzwep01R2","FMNH-Glass Cleaner",,"FMNH-Field Museum of Natural History","1 23oz",0,"1.22",,"0","1",,,"Cleaning",false,,"","","","","",""
"UYm6DNdIt2","FMNH-VR Face Shields",,"FMNH-Field Museum of Natural History","1 bag 150 count",8,"15",,"0","4",,,"Cleaning",false,,"","","","","",""
"dcfgFmN6e2","FMNH-Trash Bags",,"FMNH-Field Museum of Natural History","1 Box 500",3,"11.99",,"0","1",,,"Cleaning",false,,"","","","","",""
"i7g7fekXjX","FMNH-Paper Towels",,"FMNH-Field Museum of Natural History","1 Box  1000 Count",5,"19.95",,"0","1",,,"Cleaning",false,,"","","","","",""
"ODGhrJHXgh","FMNH-Microfiber Dusters flex",,"FMNH-Field Museum of Natural History","1 unit",2,"15.95",,"0","1",,,"Cleaning",false,,"","","","","",""
"narTG8exnA","FMNH-Micofiber Cloths",,"FMNH-Field Museum of Natural History","12 Pack",4,"14.97",,"0","1",,,"Cleaning",false,,"","","","","",""
"SdUP7fYqZD","FMNH-Liquid Disenfectant Spray",,"FMNH-Field Museum of Natural History","1 Gallon",1,"19.97",,"0","1",,,"Cleaning",false,,"","","","","",""
"ELcQ7ABHXt","FMNH-Hand sanitizer",,"FMNH-Field Museum of Natural History","1 Gallon",1,"0",,"0","1",,,"Cleaning",false,,"","","","","",""
"AabCw9gl0s","FMNH-Febreze",,"FMNH-Field Museum of Natural History","1 27oz",4,"4.99",,"0","1",,,"Cleaning",false,,"","","","","",""
"6YzzrE2BSw","FMNH-Fabuloso",,"FMNH-Field Museum of Natural History","1 Gallon",1,"2.89",,"0","1",,,"Cleaning",false,,"","","","","",""
"XTUkHqEF5i","FMNH-Disposable Gloves",,"FMNH-Field Museum of Natural History","1 box 100 count",0,"16.99",,"0","1",,,"Cleaning",false,,"","","","","",""
"IZbiCeF05z","FMNH-Cleaning rags",,"FMNH-Field Museum of Natural History","1 box 200 count",1,"11.48",,"0","1",,,"Cleaning",false,,"","","","","",""
"OdtT79nk3i","FMNH-Armoral Multi Purpose",,"FMNH-Field Museum of Natural History","1 160z",0,"4.99",,"0","1",,,"Cleaning",false,,"","","","","",""
"ABTXzLdZxr","FMNH-409 Cleaner",,"FMNH-Field Museum of Natural History","1 32oz",0,"3.79",,"0","1",,,"Cleaning",false,,"","","","","",""
"QGMN8JZ6cN","NASM-Glass Cleaner",,"","1 23oz",2,"1.22",,"0","1",,,"Cleaning",false,,"","","","","",""
"1uHIV8VuUT","NASM-VR Face Shields",,"","1 bag 150 count",0,"15",,"0","4",,,"Cleaning",false,,"","","","","",""
"YSY9DwCbsb","NASM-Trash Bags",,"","1 Box 500",0,"11.99",,"0","1",,,"Cleaning",false,,"","","","","",""
"yoU2GZhfRv","NASM-Paper Towels",,"","1 Box  1000 Count",0,"19.95",,"0","1",,,"Cleaning",false,,"","","","","",""
"Pg7JjoSjQv","NASM-Microfiber Dusters flex",,"","1 unit",0,"15.95",,"0","1",,,"Cleaning",false,,"","","","","",""
"x088YPodwA","NASM-Micofiber Cloths",,"","12 Pack",2,"14.97",,"0","1",,,"Cleaning",false,,"","","","","",""
"SLcD3QECLw","NASM-Liquid Disenfectant Spray",,"","1 Gallon",0,"19.97",,"0","1",,,"Cleaning",false,,"","","","","",""
"kEGQBwUpZL","NASM-Hand sanitizer",,"","1 Gallon",0,"0",,"0","1",,,"Cleaning",false,,"","","","","",""
"AAWXU35IiA","NASM-Febreze",,"","1 27oz",0,"4.99",,"0","1",,,"Cleaning",false,,"","","","","",""
"pZ0o8b3DgM","NASM-Fabuloso",,"","1 Gallon",1,"2.89",,"0","1",,,"Cleaning",false,,"","","","","",""
"uWozuTCFcP","NASM-Disposable Gloves",,"","1 box 100 count",2,"16.99",,"0","1",,,"Cleaning",false,,"","","","","",""
"aiTkQOIF3t","NASM-Cleaning rags",,"","1 box 200 count",0,"11.48",,"0","1",,,"Cleaning",false,,"","","","","",""
"nNkHW3UOFv","NASM-Armoral Multi Purpose",,"","1 160z",0,"4.99",,"0","1",,,"Cleaning",false,,"","","","","",""
"B8aVJeqzWD","NASM-409 Cleaner",,"","1 32oz",0,"3.79",,"0","1",,,"Cleaning",false,,"","","","","",""
"qhyawkGwR2","NASM-Joystick Covers",,"","1 box 1000 count Disposable joystick covers",0,"11.5",,"0","2",,,"Cleaning",false,,"","","","","",""
"EMWeTJ0hM4","MAH-Glass Cleaner",,"NMAH-National Museum of American History","1 23oz",3,"1.22",,"0","1",,,"Cleaning",false,,"","","","","",""
"cghe7R5zZb","MAH-VR Face Shields",,"NMAH-National Museum of American History","1 bag 150 count",0,"15",,"0","4",,,"Cleaning",false,,"","","","","",""
"bJ0gLOsxBA","MAH-Trash Bags",,"NMAH-National Museum of American History","1 Box 500",0,"11.99",,"0","1",,,"Cleaning",false,,"","","","","",""
"VPnxe4BELe","MAH-Paper Towels",,"NMAH-National Museum of American History","1 Box  1000 Count",0,"19.95",,"0","1",,,"Cleaning",false,,"","","","","",""
"lAFtGeamPM","MAH-Microfiber Dusters flex",,"NMAH-National Museum of American History","1 unit",0,"15.95",,"0","1",,,"Cleaning",false,,"","","","","",""
"rlhpZsfs6O","MAH-Micofiber Cloths",,"NMAH-National Museum of American History","12 Pack",1,"14.97",,"0","1",,,"Cleaning",false,,"","","","","",""
"eURNyWF5jv","MAH-Liquid Disenfectant Spray",,"NMAH-National Museum of American History","1 Gallon",0,"19.97",,"0","1",,,"Cleaning",false,,"","","","","",""
"vGTIOO6llc","MAH-Hand sanitizer",,"NMAH-National Museum of American History","1 Gallon",0,"0",,"0","1",,,"Cleaning",false,,"","","","","",""
"aON7HKLQEW","MAH-Febreze",,"NMAH-National Museum of American History","1 27oz",0,"4.99",,"0","1",,,"Cleaning",false,,"","","","","",""
"9pYYS7uEI7","MAH-Fabuloso",,"NMAH-National Museum of American History","1 Gallon",1,"2.89",,"0","1",,,"Cleaning",false,,"","","","","",""
"1WOS8jOuuO","MAH-Disposable Gloves",,"NMAH-National Museum of American History","1 box 100 count",3,"16.99",,"0","1",,,"Cleaning",false,,"","","","","",""
"MxityxnxQ2","MAH-Clorox Bleach",,"NMAH-National Museum of American History","1 Gallon",0,"4.42",,"0","1",,,"Cleaning",false,,"","","","","",""
"giElL9OdAM","MAH-Cleaning rags",,"NMAH-National Museum of American History","1 box 200 count",0,"11.48",,"0","1",,,"Cleaning",false,,"","","","","",""
"2VlKgLCt7l","MAH-Armoral Multi Purpose",,"NMAH-National Museum of American History","1 160z",4,"4.99",,"0","1",,,"Cleaning",false,,"","","","","",""
"xWhTE6K5db","MAH-409 Cleaner",,"NMAH-National Museum of American History","1 32oz",0,"3.79",,"0","1",,,"Cleaning",false,,"","","","","",""
"hwG2cF5G6F","MAH-Joystick Covers",,"NMAH-National Museum of American History","1 box 1000 count Disposable joystick covers",0,"11.5",,"0","2",,,"Cleaning",false,,"","","","","",""
"51k6doyUnM","HAZY-Glass Cleaner",,"HAZY-Steven F. Udvar-Hazy Center","1 23oz",1,"1.22",,"0","1",,,"Cleaning",false,,"","","","","",""
"gkmXFIVx2X","HAZY-VR Face Shields",,"HAZY-Steven F. Udvar-Hazy Center","1 bag 150 count",0,"15",,"0","4",,,"Cleaning",false,,"","","","","",""
"1JSCcNVlCJ","HAZY-Trash Bags",,"HAZY-Steven F. Udvar-Hazy Center","1 Box 500",0,"11.99",,"0","1",,,"Cleaning",false,,"","","","","",""
"pPOQ86Q9EM","HAZY-Paper Towels",,"HAZY-Steven F. Udvar-Hazy Center","1 Box  1000 Count",1,"19.95",,"0","1",,,"Cleaning",false,,"","","","","",""
"ZUu95F7KGz","HAZY-Microfiber Dusters flex",,"HAZY-Steven F. Udvar-Hazy Center","1 unit",0,"15.95",,"0","1",,,"Cleaning",false,,"","","","","",""
"jCXyuQbxDQ","HAZY-Micofiber Cloths",,"HAZY-Steven F. Udvar-Hazy Center","12 Pack",0,"14.97",,"0","1",,,"Cleaning",false,,"","","","","",""
"AgjJC8OLBD","HAZY-Liquid Disenfectant Spray",,"HAZY-Steven F. Udvar-Hazy Center","1 Gallon",0,"19.97",,"0","1",,,"Cleaning",false,,"","","","","",""
"qGgaGGY825","HAZY-Hand sanitizer",,"HAZY-Steven F. Udvar-Hazy Center","1 Gallon",0,"0",,"0","1",,,"Cleaning",false,,"","","","","",""
"1yh90zmICB","HAZY-Febreze",,"HAZY-Steven F. Udvar-Hazy Center","1 27oz",1,"4.99",,"0","1",,,"Cleaning",false,,"","","","","",""
"4FZFGXj3xS","HAZY-Fabuloso",,"HAZY-Steven F. Udvar-Hazy Center","1 Gallon",0,"2.89",,"0","1",,,"Cleaning",false,,"","","","","",""
"1p8QxZDNBO","HAZY-Disposable Gloves",,"HAZY-Steven F. Udvar-Hazy Center","1 box 100 count",0,"16.99",,"0","1",,,"Cleaning",false,,"","","","","",""
"ELZC52vV1A","HAZY-Cleaning rags",,"HAZY-Steven F. Udvar-Hazy Center","1 box 200 count",2,"11.48",,"0","1",,,"Cleaning",false,,"","","","","",""
"HNiHnV54mo","HAZY-Armoral Multi Purpose",,"HAZY-Steven F. Udvar-Hazy Center","1 160z",2,"4.99",,"0","1",,,"Cleaning",false,,"","","","","",""
"AgAs6uhYhO","HAZY-409 Cleaner",,"HAZY-Steven F. Udvar-Hazy Center","1 32oz",0,"3.79",,"0","1",,,"Cleaning",false,,"","","","","",""
"WUvtcHFrax","HAZY-Joystick Covers",,"HAZY-Steven F. Udvar-Hazy Center","1 box 1000 count Disposable joystick covers",0,"11.5",,"0","2",,,"Cleaning",false,,"","","","","",""
"NeS1KYhpjH","CSC-Glass Cleaner",,"CSC-California Science Center","1 23oz",1,"1.22",,"0","1",,,"Cleaning",false,,"","","","","",""
"0U7orImtyC","CSC-VR Eye Masks",,"CSC-California Science Center","1 bag 100 count",29,"15",,"0","4",,,"Cleaning",false,,"","","","","",""
"EJlpRDSw00","CSC-Trash Bags",,"CSC-California Science Center","1 Box 500",2,"11.99",,"0","1",,,"Cleaning",false,,"","","","","",""
"wGf4qpk49P","CSC-Paper Towels",,"CSC-California Science Center","1 Box  1000 Count",0,"19.95",,"0","1",,,"Cleaning",false,,"","","","","",""
"gVMdOG6JSk","CSC-Microfiber Dusters flex",,"CSC-California Science Center","1 unit",0,"15.95",,"0","1",,,"Cleaning",false,,"","","","","",""
"NsvIcD0XWs","CSC-Micofiber Cloths",,"CSC-California Science Center","12 Pack",0,"14.97",,"0","1",,,"Cleaning",false,,"","","","","",""
"LhJ0K6hUOw","CSC-Liquid Disenfectant Spray",,"CSC-California Science Center","1 Gallon",0,"19.97",,"0","1",,,"Cleaning",false,,"","","","","",""
"8JNkGxfA4j","CSC-Hand sanitizer",,"CSC-California Science Center","1 Gallon",0,"0",,"0","1",,,"Cleaning",false,,"","","","","",""
"MwZ0FBJWwa","CSC-Febreze",,"CSC-California Science Center","1 27oz",0,"4.99",,"0","1",,,"Cleaning",false,,"","","","","",""
"6kRj5ps6KA","CSC-Fabuloso",,"CSC-California Science Center","1 Gallon",0,"2.89",,"0","1",,,"Cleaning",false,,"","","","","",""
"MuvYERQgBI","CSC-Disposable Gloves",,"CSC-California Science Center","1 box 100 count",9,"16.99",,"0","1",,,"Cleaning",false,,"","","","","",""
"GltCgxzMwa","CSC-Cleaning rags",,"CSC-California Science Center","1 box 200 count",0,"11.48",,"0","1",,,"Cleaning",false,,"","","","","",""
"588bJF3Sfh","CSC-Armoral Multi Purpose",,"CSC-California Science Center","1 160z",0,"4.99",,"0","1",,,"Cleaning",false,,"","","","","",""
"sJvUK1ub74","CSC-409 Cleaner",,"CSC-California Science Center","1 32oz",1,"3.79",,"0","1",,,"Cleaning",false,,"","","","","",""
"gqApP0sWVS","CSC-Joystick Covers",,"CSC-California Science Center","1 box 1000 count Disposable joystick covers",0,"11.5",,"0","2",,,"Cleaning",false,,"","","","","",""
"yiz1GoF2dM","OMSI-Glass Cleaner",,"","1 23oz",1,"1.22",,"0","1",,,"Cleaning",false,,"","","","","",""
"IDfXamxOoW","OMSI-Liquid Disenfectant Spray",,"","1 Gallon",1,"19.97",,"0","1",,,"Cleaning",false,,"","","","","",""
"6raZS3QDbg","OMSI-Hand sanitizer",,"","1 Gallon",1,"0",,"0","1",,,"Cleaning",false,,"","","","","",""
"rfR4wLHL5b","OMSI-Febreze",,"","1 27oz",1,"4.99",,"0","1",,,"Cleaning",false,,"","","","","",""
"vDXjXmFg9H","OMSI-Fabuloso",,"","1 Gallon",1,"2.89",,"0","1",,,"Cleaning",false,,"","","","","",""
"U53sO26U8j","OMSI-Disposable Gloves",,"","1 box 100 count",0,"16.99",,"0","1",,,"Cleaning",false,,"","","","","",""
"MB57J0bi2u","OMSI-Cleaning rags",,"","1 box 200 count",1,"11.48",,"0","1",,,"Cleaning",false,,"","","","","",""
"96ldp6S5PL","OMSI-Armoral Multi Purpose",,"","1 160z",1,"4.99",,"0","1",,,"Cleaning",false,,"","","","","",""
"AmWH5xzDXS","OMSI-409 Cleaner",,"","1 32oz",1,"3.79",,"0","1",,,"Cleaning",false,,"","","","","",""
"4E7P8zo1br","GAAQ-Receipt Paper",,"GAAQ-Georgia Aquarium","80mm Single roll receipt paper",16,,,,"6",,,,false,,"","","GAAQ ","","",""
"qlMSPavxqd","MOSI-VR Headsets",,"MOSI Tampa","Backup Inventory ",1,,"","","1.0",,"Quantities do not reflect the five headsets currently allocated for the ride.","",false,,"","","","","",""
"XKekb1Mu0y","MOSI-VR Headsets-Link Box",,"MOSI Tampa","Backup Inventory ",1,,"","","1.0",,"","",false,,"","","","","",""
"ilgI1tEGrf","MOSI-VR Headsets-Cables",,"MOSI Tampa","Backup Inventory ",-1,,"","","1.0",,"","",false,,"","","","","",""
"aJOe7hx2w9","MOSI-Wiring Harness Protective Jacket",,"MOSI Tampa","Backup Inventory ",1,,"","","0.0",,"Platform's main wiring harness","",false,,"VRT010","","","","",""
"cN1fekbhqb","MOSI-Grease Gun Refill Tubes",,"MOSI Tampa","Backup Inventory ",1,,"","","1.0",,"","",false,,"","","","","",""
"rkVXQM8hbj","MOSI-Seatbelt, female side",,"MOSI Tampa","Backup Inventory ",1,,"","","0.0",,"","",false,,"","","","","",""
"QVMawY1aFk","MOSI-Seatbelt Extensions",,"MOSI Tampa","",2,,"","","0.0",,"","",false,,"","","","","",""
"ccrEL820vT","OMSI-Swiffer Wet Pads",,,"1 box 36 count",1,,,,"1",,,,false,,"","","","","",""
"gjsWdG1tYg","OMSI-Clorox wipes",,,"Clorox wipes",3,,,,"1",,,,false,,"","","","","",""
"DiO0necyBF","MOSI-White Spot Light",,,"",1,,"","","0.0",,"","",false,,"","","","","",""
"GowDh055gI","MOSI-Blue Spot Light",,"MOSI Tampa","",1,,"","","0.0",,"","Backup Inventory",false,,"VRT010,Miscellaneous Equipment MOSI","","","","",""
"vWV5WdUWjO","LEX-ODOBAN",,,"ODOBAN Deodorizer Disinfectant",1,"8","732109400053",,"1",,,"CLEANING",false,,"","atibbs@pulseworksops.com","","","",""
"7nJDdhBgME","LEX-ZEP Ammonia Free Glass Cleaner Concentrate",,,"ZEP Ammonia Free Glass Cleaner Concentrate",1.5,,"021709009064",,"1",,,"CLEANING",false,,"","atibbs@pulseworksops.com","","","",""
"9yKBeP2FCW","LEX-SIMPLE GREEN",,,"SIMPLE GREEN",1.5,,"043318130052",,"1",,,"CLEANING",false,,"","atibbs@pulseworksops.com","","","",""
"CDOTvfNixg","LEX-409 Cleaner Degreaser Disinfectant",,,"409 Cleaner Degreaser Disinfectant",1.5,,"044600353005",,"1",,,"CLEANING",false,,"","atibbs@pulseworksops.com","","","",""
"wrhaLZZpeQ","LEX-Brilliance Stainless Steel Cleaner",,,"Brilliance Stainless Steel Cleaner",1,,"831788000117",,"1",,,"CLEANING",false,,"","atibbs@pulseworksops.com","","","",""
"byw93HlCiR","LEX-HDX Spray Bottle",,,"HDX Spray Bottle",0,,"042854323010",,,,,"CLEANING",false,,"","atibbs@pulseworksops.com","","","",""
"MIV2dywBkP","LEX-Goo Gone",,,"Goo Gone",1,,"070048114847",,"1",,,"CLEANING",false,,"","atibbs@pulseworksops.com","","","",""
"z5OWnuNW2z","LEX-WD-40",,,"WD-40",1,,"079567490050",,"1",,,,false,,"","atibbs@pulseworksops.com","","","",""
"1KACuyGNXk","LEX-3M SUPER 77 Spray Adhesive",,,"3M SUPER 77 Spray Adhesive",1,,"021200212109",,"1",,,,false,,"","atibbs@pulseworksops.com","","","",""
"h7savyLqIg","LEX-Papermate Profile Pens",,,"Papermate Profile Pens",6,,"041540894650","","10",,,"OFFICE",false,,"","atibbs@pulseworksops.com","","","",""
"KF9IBtsiy3","LEX-Sharpie Permanent Marker Pens",,,"Sharpie Pens",11,,,,"6",,,"OFFICE",false,,"","","","","",""
"MylGNuk8z3","LEX-BIC WiteOut",,,"BIC WiteOut",2,,"070330507548",,"1",,,"OFFICE",false,,"","atibbs@pulseworksops.com","","","",""
"lurM7PvHDy","LEX-BROTHER MFC-L2170DW TONER TN760",,,"BROTHER MFC-L2170DW TONER TN760",1.5,,,,"1",,,"OFFICE",false,,"","atibbs@pulseworksops.com","","","",""
"qwnAGNq3op","LEX-TOPFLIGHT  #10 Envelopes, Strip & Seal, Security Tinted, White Paper, 24 lb, 500 Count",,,"TOP FLIGHT #10 Envelopes, Strip & Seal, Security Tinted, White Paper, 24 lb, 500 Count",200,"22","075755001183",,"50",,,"BANKING",false,,"","","","","",""
"2AfbthrDB8","LEX-Business Source #16 Rubber Bands",,,"Business Source #16 Rubber Bands",250,"6",,,"50",,,"BANKING",false,,"","atibbs@pulseworksops.com","","","",""
"2opvlJDRoM","LEX-Pulseworks Deposit Slip",,,"Pulseworks Deposit Slip",-5,,,,"1",,,"BANKING",false,,"","","","","",""
"IfiGWnR1Ds","LEX-Copier Paper",,,"8.5x11 Copier Paper",0,,,,"1",,,"OFFICE",false,,"","atibbs@pulseworksops.com","","","",""
"p0GYIHyL14","LEX-Staples",,,"Staples",1,,,,"1",,,"OFFICE",false,,"","atibbs@pulseworksops.com","","","",""
"XZxBqUdp4Q","LEX-Counterfeit Detector Pens",,,"Counterfeit Detector Pens",2,,"070889005823",,"1",,,"BANKING",false,,"","","","","",""
"b90Iop9wwk","LEX-LR44 Battery for Counterfeit Pen Light",,,"LR44 Battery {for Counterfeit Pen Light)",0,,,,"3",,,,false,,"","","","","",""
"lJ7BYJVp2b","LEX-9V Battery",,,"9V Battery (for Safe)",4,,,,"2",,,"BANKING",false,,"","atibbs@pulseworksops.com","","","",""
"fpbcdKtdQN","LEX-AAA Battery",,,"AAA Battery",0,,,,"6",,"Battery Size for:
Epson Projector Remote (2)
Sceptre TV Remote (2)
LG Portable AC Remote (2)",,false,,"","","","","",""
"6YBVc5COYE","LEX-CR2025 Battery",,,"CR2025 Battery",1,,,,"1",,"Battery For:
GOVEE Tape Light Remote (1)",,false,,"","","","","",""
"SmrB1wbIoX","LEX-OIL ABSORBANT PADS",,,"OIL ABSORBENT PADS",5,,,,"50",,"ANY OIL Absorbent pads to use for the Hydraulic areas.","CLEANING/Maintenance",false,,"","","","","",""
"3cLIC2462P","LEX-AIR CONDITIONER FILTERS 13x22x1",,,"AIR CONDITIONER FILTERS 13x22x1",0,,,,"3",,,"CLEANING/Maintenance",false,,"","","","","",""
"3NfoT57gA8","LEX-BANK DEPOSIT BAGS",,,"BANK DEPOSIT BAGS",150,,,,"50",,,"BANKING",false,,"","","","","",""
"5LyWKiCdeZ","LEX-Hydraulic OIL",,,"Hydraulic OIL",0,,,,,,"SHELL TELLUS 52 M 68 Industrial Hydraulic Fluid",,false,,"","","","","",""
"zBqKkvP2rL","Midway-VR Face Shields",,"Midway - USS Midway Museum (FANA)","1 bag 100 count",2,"15",,"0","2",,,"cleaning",false,,"","","","","",""
"r5PcCfqYKT","LEX-RIDGID SHOP VAC DRY FILTER",,"LEX-USS Lexington Museum (FANA)",,1,,"648846020334",,"1",,"DRY FILTER (VF4200) FOR RIDGID SHOP VAC Model: WD16800 SN: 18214R121615","CLEANING",false,,"","atibbs@pulseworksops.com","","","",""
"MQXsaeHN1D","LEX-HUSKY SHOP VAC DRY FILTER VF2000",,,"HUSKY SHOP VAC DRY FILTER VF2000",7,,"648846000237",,"3",,"DRY FILTER FOR CABIN SMALL 2.5G HUSKY SHOP VAC",,false,,"","atibbs@pulseworksops.com","","","",""
"2nrUcv8whe","LEX-RIDGID SHOP VAC WET FILTER VF7000",,,"RIDGID SHOP VAC WET FILTER VF7000",0,,"648846020112",,"1",,,"CLEANING",false,,"","","","","",""
"UfHr3dpScy","LEX- SAFE T WIPE",,"LEX-USS Lexington Museum (FANA)","SAFE T WIPE",1,,"819031022468",,"2",,,"CLEANING",false,,"","atibbs@pulseworksops.com","","","",""
"uadBDuQGO2","Clover Mini Receipt Paper ",,"CSC-California Science Center","Smaller receipt paper for clover mini",6,,"","","1.0",,"","Register ",false,,"","","","","",""
"v1J0j5ptpN","Spare Rj12 cable",,"CSC-California Science Center","For register use",1,,"","","0.0",,"","",false,,"","","","","",""
"pyBsaYFy45","Ear piece ",,,"Someone ripped it off head set ",0,,,,,,,,false,,"","","","","",""
"sRiPLUsLdZ","Clover receipt paper ",,"","",10,,"","","5.0",,"","",false,,"","","","","",""
"XEJijqALKF","MOSI-Ziptie Bundles",,,"",0,,"","","1.0",,"","",false,,"","","","","",""
"oRoWKfdw37","Projector bulbs for ESP",,"CSC-California Science Center","",0,,"","","0.0",,"Requesting additional bulbs for the projectors in our ESPs. One went out today, I replaced it, but I don't see that we have any extras.","",false,,"","","","","",""
"6GOtzLnDvS","NMAH Clock in PC",,"NMAH-National Museum of American History","Old clock in pc is out of date need replacement.",1,,"","","1.0",,"Need to replace old clock in pc for NMAH ","Parts",false,,"","","","","",""
"s2GiZeoPNU","Control panel bulbs",,"Alabama- USS Alabama Battleship (FANA)","130v 20mAEB",0,,,"control panel",,,"Need 5 bulbs","Parts",false,,"","1677349734+abohne@pulseworks.com,hbenjamin@pulseworks.com,lance@pulseworks.com,techsupport@pulseworks.com","USS Alabama","","",""
"jLnsXdki7k","Antibacterial wipes",,,"Clean headsets ",5,,"","","0.0",,"","Cleaner",false,,"","","","","",""
"H0b0MYZBm9","XD Theater Seat","XD-08-09-407","Intrepid - Intrepid Sea Air & Space Museum (FANA)","",1,,"",,,,"Voltage: 120V, Current: 5A, Model: AC-AK/22C, Weight: 350 lbs","mechanical",false,,"","","","","",""
"BwtKEhgT28","Door Latch","0000","Intrepid - Intrepid Sea Air & Space Museum (FANA)","A latch used to secure doors, typically in vehicles or cabinets.",1,,"",,,,"Material appears to be metal with a plastic handle.","mechanical",false,,"","","","","",""
"EGSIGl6A2R","chock strap","0001","Intrepid - Intrepid Sea Air & Space Museum (FANA)","",1,,"",,,,"The image shows a roll of tape, possibly used for sealing or packaging.","",false,,"","","","","",""